Route_Name,Route_Link,Bus_Name,Bus_Type,Departing_Time,Duration,Reaching_Time,Star_Rating,Price,Seat_Availability
Delhi to Bareilly,https://www.redbus.in/bus-tickets/delhi-to-bareilly,Rahul Travels,AshokLeyland Stile A/C,21:00,05h 00m,02:00,1.9,INR 699,12 Seats available
Delhi to Bareilly,https://www.redbus.in/bus-tickets/delhi-to-bareilly,RS YADAV SMART BUS,Bharat Benz A/C Seater /Sleeper (2+1),21:40,06h 55m,04:35,4.5,INR 1099,8 Seats available
Delhi to Bareilly,https://www.redbus.in/bus-tickets/delhi-to-bareilly,FlixBus,Bharat Benz A/C Seater (2+2),23:35,05h 25m,05:00,3.2,INR 654.46,12 Seats available
Delhi to Bareilly,https://www.redbus.in/bus-tickets/delhi-to-bareilly,SHRI RAM TRAVELS,A/C Seater (2+2),23:59,05h 16m,05:15,4.0,INR 740,14 Seats available
Delhi to Bareilly,https://www.redbus.in/bus-tickets/delhi-to-bareilly,New Khaira TPT,AC Sleeper (2+1),20:30,06h 20m,02:50,3.6,INR 900,3 Seats available
Delhi to Bareilly,https://www.redbus.in/bus-tickets/delhi-to-bareilly,SHRI RAM TRAVELS,A/C Seater (2+2),21:20,05h 55m,03:15,5.0,INR 705,16 Seats available
Delhi to Bareilly,https://www.redbus.in/bus-tickets/delhi-to-bareilly,Jaiswal Tour and Travels,A/C Sleeper (2+1),21:00,06h 00m,03:00,1.0,INR 1200,15 Seats available
Delhi to Bareilly,https://www.redbus.in/bus-tickets/delhi-to-bareilly,Rahul Travels,AshokLeyland Stile A/C,21:30,05h 00m,02:30,1.0,INR 699,2 Seats available
Bareilly to Delhi,https://www.redbus.in/bus-tickets/bareilly-to-delhi,FlixBus,AC Seater (2+2),23:50,05h 30m,05:20,4.0,INR 318.75,21 Seats available
Bareilly to Delhi,https://www.redbus.in/bus-tickets/bareilly-to-delhi,Vijay Tour and Travels,A/C Seater / Sleeper (2+1),20:00,06h 20m,02:20,4.8,494,20 Seats available
Bareilly to Delhi,https://www.redbus.in/bus-tickets/bareilly-to-delhi,RS YADAV SMART BUS,Bharat Benz A/C Seater /Sleeper (2+1),23:59,05h 56m,05:55,4.0,INR 799,24 Seats available
Bareilly to Delhi,https://www.redbus.in/bus-tickets/bareilly-to-delhi,SHRI RAM TRAVELS,A/C Seater (2+2),16:15,05h 00m,21:15,4.0,INR 740,13 Seats available
Bareilly to Delhi,https://www.redbus.in/bus-tickets/bareilly-to-delhi,Vijay Tour and Travels,A/C Seater / Sleeper (2+1),17:00,06h 20m,23:20,3.2,584,16 Seats available
Bareilly to Delhi,https://www.redbus.in/bus-tickets/bareilly-to-delhi,New Khaira TPT,AC Sleeper (2+1),23:15,05h 45m,05:00,3.3,INR 849,16 Seats available
Bareilly to Delhi,https://www.redbus.in/bus-tickets/bareilly-to-delhi,New Khaira Transport,A/C Seater / Sleeper (2+1),23:40,05h 20m,05:00,2.7,630,15 Seats available
Bareilly to Delhi,https://www.redbus.in/bus-tickets/bareilly-to-delhi,Jaiswal Tour and Travels,A/C Seater/Sleeper (2+1),22:15,05h 45m,04:00,1.3,INR 700,47 Seats available
Bareilly to Delhi,https://www.redbus.in/bus-tickets/bareilly-to-delhi,Jaiswal Tour and Travels,A/C Sleeper (2+1),22:50,05h 45m,04:35,1.0,INR 800,30 Seats available
Bareilly to Delhi,https://www.redbus.in/bus-tickets/bareilly-to-delhi,New Khaira Transport,A/C Seater / Sleeper (2+2),23:30,06h 30m,06:00,2.1,INR 450,29 Seats available
Aligarh (uttar pradesh) to Delhi,https://www.redbus.in/bus-tickets/aligarh-uttar-pradesh-to-delhi,UPSRTC - BDV0462,Janrath AC Seater 2+2,17:59,03h 02m,21:01,4.0,INR 305,35 Seats available
Aligarh (uttar pradesh) to Delhi,https://www.redbus.in/bus-tickets/aligarh-uttar-pradesh-to-delhi,UPSRTC - BDV0092,Ordinary Non AC Seater 2+3,17:59,03h 19m,21:18,3.3,INR 204,52 Seats available
Aligarh (uttar pradesh) to Delhi,https://www.redbus.in/bus-tickets/aligarh-uttar-pradesh-to-delhi,UPSRTC - BDV0096,Ordinary Non AC Seater 2+3,18:29,03h 20m,21:49,3.3,INR 204,52 Seats available
Aligarh (uttar pradesh) to Delhi,https://www.redbus.in/bus-tickets/aligarh-uttar-pradesh-to-delhi,UPSRTC - MNP0114,Ordinary Non AC Seater 2+3,18:55,02h 52m,21:47,3.3,INR 255,52 Seats available
Aligarh (uttar pradesh) to Delhi,https://www.redbus.in/bus-tickets/aligarh-uttar-pradesh-to-delhi,UPSRTC - MNP0116,Ordinary Non AC Seater 2+3,19:35,02h 52m,22:27,3.3,INR 255,52 Seats available
Delhi to Aligarh (uttar pradesh),https://www.redbus.in/bus-tickets/delhi-to-aligarh-uttar-pradesh,Chaturvedi Bus Service,A/C Seater/Sleeper (2+1),21:45,04h 15m,02:00,0,510,41 Seats available
Lucknow to Allahabad,https://www.redbus.in/bus-tickets/lucknow-to-allahabad,UPSRTC - PYD0139,Janrath AC Seater 2+3,17:00,04h 30m,21:30,4.5,INR 396,48 Seats available
Lucknow to Allahabad,https://www.redbus.in/bus-tickets/lucknow-to-allahabad,UPSRTC - ALM0180,Volvo AC Seater 2+2,17:15,04h 30m,21:45,3.3,INR 658,39 Seats available
Lucknow to Allahabad,https://www.redbus.in/bus-tickets/lucknow-to-allahabad,UPSRTC - PYD0155,Janrath AC Seater 2+3,18:01,04h 30m,22:31,2.6,INR 396,48 Seats available
Lucknow to Allahabad,https://www.redbus.in/bus-tickets/lucknow-to-allahabad,UPSRTC - PYD0030,Volvo AC Seater 2+2,18:30,04h 30m,23:00,3.3,INR 658,39 Seats available
Lucknow to Allahabad,https://www.redbus.in/bus-tickets/lucknow-to-allahabad,UPSRTC - RBL0010,Ordinary Non AC Seater 2+3,19:00,05h 00m,00:00,3.3,INR 310,52 Seats available
Lucknow to Delhi,https://www.redbus.in/bus-tickets/lucknow-to-delhi,IntrCity SmartBus,VE A/C Seater / Sleeper (2+1),21:00,08h 15m,05:15,4.8,INR 519,17 Seats available
Lucknow to Delhi,https://www.redbus.in/bus-tickets/lucknow-to-delhi,IntrCity SmartBus,VE A/C Seater / Sleeper (2+1),22:00,08h 15m,06:15,4.7,INR 399,24 Seats available
Lucknow to Delhi,https://www.redbus.in/bus-tickets/lucknow-to-delhi,Raj Kalpana Travels Pvt.ltd.,A/C Seater/Sleeper (2+1),22:30,07h 00m,05:30,4.6,INR 449,27 Seats available
Lucknow to Delhi,https://www.redbus.in/bus-tickets/lucknow-to-delhi,AdFouji travels,A/C Seater / Sleeper (2+1),22:10,07h 50m,06:00,4.4,INR 399,27 Seats available
Lucknow to Delhi,https://www.redbus.in/bus-tickets/lucknow-to-delhi,IntrCity SmartBus,Bharat Benz A/C Seater /Sleeper (2+1),23:35,07h 45m,07:20,4.8,INR 399,30 Seats available
Lucknow to Delhi,https://www.redbus.in/bus-tickets/lucknow-to-delhi,IntrCity SmartBus,Bharat Benz A/C Seater /Sleeper (2+1),23:55,07h 45m,07:40,4.7,INR 359,26 Seats available
Lucknow to Delhi,https://www.redbus.in/bus-tickets/lucknow-to-delhi,IntrCity SmartBus,Bharat Benz A/C Seater /Sleeper (2+1),22:45,08h 15m,07:00,4.8,INR 459,22 Seats available
Lucknow to Delhi,https://www.redbus.in/bus-tickets/lucknow-to-delhi,AdYolo Bus,Bharat Benz A/C Sleeper (2+1),22:45,08h 20m,07:05,4.9,INR 700,26 Seats available
Lucknow to Delhi,https://www.redbus.in/bus-tickets/lucknow-to-delhi,Gola Bus Service,VE A/C Seater / Sleeper (2+1),22:20,08h 40m,07:00,4.6,INR 399,28 Seats available
Lucknow to Delhi,https://www.redbus.in/bus-tickets/lucknow-to-delhi,Laxmi holidays,Bharat Benz A/C Seater /Sleeper (2+1),22:00,08h 15m,06:15,4.6,INR 406,31 Seats available
Delhi to Farrukhabad (Uttar Pradesh),https://www.redbus.in/bus-tickets/delhi-to-farrukhabad-up,KVS Holidays,Non A/C Seater / Sleeper (2+1),21:30,09h 00m,06:30,1.1,2250,31 Seats available
Delhi to Farrukhabad (Uttar Pradesh),https://www.redbus.in/bus-tickets/delhi-to-farrukhabad-up,Yuvraj Travels,NON AC Seater / Sleeper 2+1,22:00,08h 00m,06:00,4.1,INR 550,40 Seats available
Delhi to Farrukhabad (Uttar Pradesh),https://www.redbus.in/bus-tickets/delhi-to-farrukhabad-up,Shree Krishna Shtabadi Travels,NON AC Seater / Sleeper 2+1,21:00,09h 00m,06:00,1.4,INR 600,44 Seats available
Delhi to Farrukhabad (Uttar Pradesh),https://www.redbus.in/bus-tickets/delhi-to-farrukhabad-up,Chaturvedi Bus Service,Non A/C Seater / Sleeper (2+1),21:00,09h 30m,06:30,5.0,425,34 Seats available
Delhi to Farrukhabad (Uttar Pradesh),https://www.redbus.in/bus-tickets/delhi-to-farrukhabad-up,Chaturvedi Bus Service,Non A/C Seater / Sleeper (2+1),19:30,10h 40m,06:10,3.0,425,40 Seats available
Delhi to Farrukhabad (Uttar Pradesh),https://www.redbus.in/bus-tickets/delhi-to-farrukhabad-up,Chaturvedi Bus Service,Non A/C Seater / Sleeper (2+1),21:00,09h 10m,06:10,0,425,40 Seats available
Delhi to Farrukhabad (Uttar Pradesh),https://www.redbus.in/bus-tickets/delhi-to-farrukhabad-up,Chaturvedi Bus Service,A/C Seater/Sleeper (2+1),21:45,08h 00m,05:45,0,510,41 Seats available
Delhi to Farrukhabad (Uttar Pradesh),https://www.redbus.in/bus-tickets/delhi-to-farrukhabad-up,Yuvraj Travels,NON AC Seater / Sleeper 2+1,20:00,10h 00m,06:00,0,INR 550,40 Seats available
Delhi to Farrukhabad (Uttar Pradesh),https://www.redbus.in/bus-tickets/delhi-to-farrukhabad-up,Yuvraj Travels,NON AC Seater / Sleeper 2+1,21:30,08h 30m,06:00,0,INR 550,40 Seats available
Delhi to Farrukhabad (Uttar Pradesh),https://www.redbus.in/bus-tickets/delhi-to-farrukhabad-up,Shivendra Travels,A/C Sleeper (2+1),21:00,09h 00m,06:00,0,INR 3500,1 Seat available
Farrukhabad (Uttar Pradesh) to Delhi,https://www.redbus.in/bus-tickets/farrukhabad-up-to-delhi,KVS Holidays,Non A/C Seater / Sleeper (2+1),20:30,09h 00m,05:30,1.0,2250,30 Seats available
Farrukhabad (Uttar Pradesh) to Delhi,https://www.redbus.in/bus-tickets/farrukhabad-up-to-delhi,Shivendra Travels,A/C Sleeper (2+1),20:00,09h 30m,05:30,2.4,INR 3500,1 Seat available
Farrukhabad (Uttar Pradesh) to Delhi,https://www.redbus.in/bus-tickets/farrukhabad-up-to-delhi,Shree Krishna Shtabadi Travels,NON AC Seater / Sleeper 2+1,18:30,10h 50m,05:20,2.4,INR 600,44 Seats available
Farrukhabad (Uttar Pradesh) to Delhi,https://www.redbus.in/bus-tickets/farrukhabad-up-to-delhi,Chaturvedi Bus Service,Non A/C Seater / Sleeper (2+1),18:45,10h 45m,05:30,2.0,450,9 Seats available
Farrukhabad (Uttar Pradesh) to Delhi,https://www.redbus.in/bus-tickets/farrukhabad-up-to-delhi,Chaturvedi Bus Service,A/C Seater/Sleeper (2+1),19:40,09h 05m,04:45,2.0,540,8 Seats available
Farrukhabad (Uttar Pradesh) to Delhi,https://www.redbus.in/bus-tickets/farrukhabad-up-to-delhi,Chaturvedi Bus Service,Non A/C Seater / Sleeper (2+1),20:00,09h 20m,05:20,2.0,450,9 Seats available
Farrukhabad (Uttar Pradesh) to Delhi,https://www.redbus.in/bus-tickets/farrukhabad-up-to-delhi,Shree Krishna Shtabadi Travels,NON A/C Sleeper (2+1),19:00,11h 30m,06:30,0,INR 1200,32 Seats available
Farrukhabad (Uttar Pradesh) to Delhi,https://www.redbus.in/bus-tickets/farrukhabad-up-to-delhi,Yuvraj Travels,NON AC Seater / Sleeper 2+1,18:45,10h 15m,05:00,0,INR 550,40 Seats available
Farrukhabad (Uttar Pradesh) to Delhi,https://www.redbus.in/bus-tickets/farrukhabad-up-to-delhi,Yuvraj Travels,NON AC Seater / Sleeper 2+1,19:00,10h 00m,05:00,0,INR 550,40 Seats available
Farrukhabad (Uttar Pradesh) to Delhi,https://www.redbus.in/bus-tickets/farrukhabad-up-to-delhi,Yuvraj Travels,NON AC Seater / Sleeper 2+1,18:30,11h 30m,06:00,0,INR 550,40 Seats available
Badaun to Delhi,https://www.redbus.in/bus-tickets/badaun-to-delhi,UPSRTC - LNI0352,Ordinary Non AC Seater 2+3,17:10,04h 51m,22:01,3.3,INR 368,52 Seats available
Badaun to Delhi,https://www.redbus.in/bus-tickets/badaun-to-delhi,UPSRTC - LNI0357,Ordinary Non AC Seater 2+3,17:35,04h 50m,22:25,3.3,INR 368,52 Seats available
Badaun to Delhi,https://www.redbus.in/bus-tickets/badaun-to-delhi,UPSRTC - LNI0365,Ordinary Non AC Seater 2+3,18:05,04h 49m,22:54,3.3,INR 368,52 Seats available
Badaun to Delhi,https://www.redbus.in/bus-tickets/badaun-to-delhi,UPSRTC - LNI0375,Ordinary Non AC Seater 2+3,19:04,04h 47m,23:51,3.3,INR 368,52 Seats available
Badaun to Delhi,https://www.redbus.in/bus-tickets/badaun-to-delhi,UPSRTC - LNI0368,Ordinary Non AC Seater 2+3,19:05,04h 47m,23:52,3.3,INR 368,52 Seats available
Badaun to Delhi,https://www.redbus.in/bus-tickets/badaun-to-delhi,UPSRTC - BDN0022,Ordinary Non AC Seater 2+3,20:00,06h 00m,02:00,3.3,INR 403,52 Seats available
Badaun to Delhi,https://www.redbus.in/bus-tickets/badaun-to-delhi,UPSRTC - LNI0379,Ordinary Non AC Seater 2+3,20:05,04h 50m,00:55,3.3,INR 368,52 Seats available
Badaun to Delhi,https://www.redbus.in/bus-tickets/badaun-to-delhi,UPSRTC - SKD0192,Ordinary Non AC Seater 2+3,20:30,05h 05m,01:35,3.3,INR 342,52 Seats available
Badaun to Delhi,https://www.redbus.in/bus-tickets/badaun-to-delhi,UPSRTC - KSB0004,Shatabdi AC Seater 2+2,23:00,06h 00m,05:00,3.4,INR 505,35 Seats available
Allahabad to Lucknow,https://www.redbus.in/bus-tickets/allahabad-to-lucknow,UPSRTC - AWD0028,Janrath AC Seater 2+2,17:15,05h 00m,22:15,3.3,INR 458,35 Seats available
Allahabad to Lucknow,https://www.redbus.in/bus-tickets/allahabad-to-lucknow,UPSRTC - AWD0034,Janrath AC Seater 2+2,17:35,05h 00m,22:35,3.3,INR 458,36 Seats available
Allahabad to Lucknow,https://www.redbus.in/bus-tickets/allahabad-to-lucknow,UPSRTC - AWD0008,Janrath AC Seater 2+2,18:00,04h 30m,22:30,3.3,INR 458,35 Seats available
Allahabad to Lucknow,https://www.redbus.in/bus-tickets/allahabad-to-lucknow,UPSRTC - ALM0024,Volvo AC Seater 2+2,18:30,04h 30m,23:00,3.3,INR 658,36 Seats available
Allahabad to Lucknow,https://www.redbus.in/bus-tickets/allahabad-to-lucknow,UPSRTC - PYD0158,Janrath AC Seater 2+3,19:01,04h 30m,23:31,3.3,INR 396,48 Seats available
Allahabad to Lucknow,https://www.redbus.in/bus-tickets/allahabad-to-lucknow,UPSRTC - ALM0026,Volvo AC Seater 2+2,19:30,04h 29m,23:59,3.3,INR 658,39 Seats available
Allahabad to Lucknow,https://www.redbus.in/bus-tickets/allahabad-to-lucknow,UPSRTC - ALM0060,Volvo AC Seater 2+2,20:30,04h 30m,01:00,3.3,INR 658,37 Seats available
Allahabad to Lucknow,https://www.redbus.in/bus-tickets/allahabad-to-lucknow,UPSRTC - ALM0185,Volvo AC Seater 2+2,21:00,04h 00m,01:00,3.3,INR 658,39 Seats available
Allahabad to Lucknow,https://www.redbus.in/bus-tickets/allahabad-to-lucknow,UPSRTC - LDR0016,Janrath AC Seater 2+3,22:00,05h 00m,03:00,3.4,INR 396,48 Seats available
Allahabad to Lucknow,https://www.redbus.in/bus-tickets/allahabad-to-lucknow,UPSRTC - LDR0098,Janrath AC Seater 2+3,22:01,04h 49m,02:50,3.3,INR 396,48 Seats available
Allahabad to Lucknow,https://www.redbus.in/bus-tickets/allahabad-to-lucknow,UPSRTC - CBG0031,Janrath AC Seater 2+2,22:02,06h 43m,04:45,3.3,INR 458,36 Seats available
Allahabad to Lucknow,https://www.redbus.in/bus-tickets/allahabad-to-lucknow,UPSRTC - ALM0181,Volvo AC Seater 2+2,22:45,04h 30m,03:15,3.3,INR 658,39 Seats available
Allahabad to Lucknow,https://www.redbus.in/bus-tickets/allahabad-to-lucknow,UPSRTC - LDR0018,Janrath AC Seater 2+3,23:00,04h 45m,03:45,2.2,INR 396,48 Seats available
Allahabad to Lucknow,https://www.redbus.in/bus-tickets/allahabad-to-lucknow,UPSRTC - LDR0100,Janrath AC Seater 2+3,23:01,04h 59m,04:00,3.3,INR 396,48 Seats available
Allahabad to Lucknow,https://www.redbus.in/bus-tickets/allahabad-to-lucknow,Mahalaxmi Travels,Bharat Benz A/C Seater /Sleeper (2+1),19:30,04h 15m,23:45,3.0,INR 499,11 Seats available
Allahabad to Lucknow,https://www.redbus.in/bus-tickets/allahabad-to-lucknow,ARORA TRAVELS,Volvo AC Seater (2+2),21:01,04h 40m,01:41,4.7,INR 703,25 Seats available
Allahabad to Lucknow,https://www.redbus.in/bus-tickets/allahabad-to-lucknow,Sethi Yatra Company,A/C Seater / Sleeper (2+1),18:00,05h 40m,23:40,1.0,509,18 Seats available
Allahabad to Lucknow,https://www.redbus.in/bus-tickets/allahabad-to-lucknow,Goyal Travels,A/C Seater / Sleeper (2+1),18:35,04h 50m,23:25,2.8,INR 450,27 Seats available
Sitapur (Uttar Pradesh) to Delhi,https://www.redbus.in/bus-tickets/sitapur-to-delhi,UPSRTC - STD0354,Ordinary Non AC Seater 2+3,17:12,10h 30m,03:42,3.3,INR 697,52 Seats available
Sitapur (Uttar Pradesh) to Delhi,https://www.redbus.in/bus-tickets/sitapur-to-delhi,UPSRTC - STD0163,Ordinary Non AC Seater 2+3,17:31,11h 54m,05:25,3.3,INR 697,52 Seats available
Sitapur (Uttar Pradesh) to Delhi,https://www.redbus.in/bus-tickets/sitapur-to-delhi,UPSRTC - STD0368,Ordinary Non AC Seater 2+3,17:34,11h 06m,04:40,3.3,INR 697,52 Seats available
Sitapur (Uttar Pradesh) to Delhi,https://www.redbus.in/bus-tickets/sitapur-to-delhi,UPSRTC - LNI0017,Rajdhani Non AC Seater 2+3,18:01,08h 59m,03:00,3.3,INR 666,51 Seats available
Sitapur (Uttar Pradesh) to Delhi,https://www.redbus.in/bus-tickets/sitapur-to-delhi,UPSRTC - SRG0230,Ordinary Non AC Seater 2+3,18:39,10h 06m,04:45,3.3,INR 666,52 Seats available
Sitapur (Uttar Pradesh) to Delhi,https://www.redbus.in/bus-tickets/sitapur-to-delhi,UPSRTC - STD0356,Ordinary Non AC Seater 2+3,18:46,11h 17m,06:03,3.3,INR 697,52 Seats available
Sitapur (Uttar Pradesh) to Delhi,https://www.redbus.in/bus-tickets/sitapur-to-delhi,UPSRTC - STD0144,Ordinary Non AC Seater 2+3,19:00,11h 30m,06:30,3.3,INR 697,52 Seats available
Sitapur (Uttar Pradesh) to Delhi,https://www.redbus.in/bus-tickets/sitapur-to-delhi,UPSRTC - AWD0224,Shatabdi AC Seater 2+2,19:10,09h 50m,05:00,4.1,INR 955,35 Seats available
Sitapur (Uttar Pradesh) to Delhi,https://www.redbus.in/bus-tickets/sitapur-to-delhi,UPSRTC - KSB0919,Shatabdi AC Seater 2+2,19:40,09h 51m,05:31,3.3,INR 955,37 Seats available
Sitapur (Uttar Pradesh) to Delhi,https://www.redbus.in/bus-tickets/sitapur-to-delhi,UPSRTC - STD0072,Janrath AC Seater 2+2,20:30,09h 15m,05:45,2.6,INR 955,31 Seats available
Sitapur (Uttar Pradesh) to Delhi,https://www.redbus.in/bus-tickets/sitapur-to-delhi,UPSRTC - SBD0047,Pink Express AC Seater 2+2,21:00,09h 00m,06:00,2.8,INR 955,39 Seats available
Sitapur (Uttar Pradesh) to Delhi,https://www.redbus.in/bus-tickets/sitapur-to-delhi,UPSRTC - BRT0037,Ordinary Non AC Seater 2+3,21:10,10h 50m,08:00,3.3,INR 698,52 Seats available
Sitapur (Uttar Pradesh) to Delhi,https://www.redbus.in/bus-tickets/sitapur-to-delhi,UPSRTC - AWD0116,Janrath AC Seater 2+3,21:30,10h 00m,07:30,3.4,INR 827,48 Seats available
Sitapur (Uttar Pradesh) to Delhi,https://www.redbus.in/bus-tickets/sitapur-to-delhi,UPSRTC - GND0100,Ordinary Non AC Seater 2+3,21:34,10h 26m,08:00,3.3,INR 666,52 Seats available
Sitapur (Uttar Pradesh) to Delhi,https://www.redbus.in/bus-tickets/sitapur-to-delhi,UPSRTC - BRT0066,Ordinary Non AC Seater 2+3,21:40,10h 55m,08:35,3.3,INR 697,52 Seats available
Sitapur (Uttar Pradesh) to Delhi,https://www.redbus.in/bus-tickets/sitapur-to-delhi,UPSRTC - SBD0093,Janrath AC Seater 2+2,22:40,08h 20m,07:00,2.0,INR 955,36 Seats available
Sitapur (Uttar Pradesh) to Delhi,https://www.redbus.in/bus-tickets/sitapur-to-delhi,UPSRTC - SBD0118,Pink Express AC Seater 2+2,22:40,08h 20m,07:00,3.3,INR 955,41 Seats available
Sitapur (Uttar Pradesh) to Delhi,https://www.redbus.in/bus-tickets/sitapur-to-delhi,UPSRTC - SBD0055,Pink Express AC Seater 2+2,23:30,09h 30m,09:00,2.4,INR 955,41 Seats available
Sitapur (Uttar Pradesh) to Delhi,https://www.redbus.in/bus-tickets/sitapur-to-delhi,UPSRTC - SBD0114,Pink Express AC Seater 2+2,23:30,08h 30m,08:00,3.3,INR 955,41 Seats available
Sitapur (Uttar Pradesh) to Delhi,https://www.redbus.in/bus-tickets/sitapur-to-delhi,RS YADAV SMART BUS,Bharat Benz A/C Seater /Sleeper (2+1),20:45,09h 10m,05:55,4.7,INR 799,22 Seats available
Delhi to Badaun,https://www.redbus.in/bus-tickets/delhi-to-badaun,UPSRTC - HDD0299,Ordinary Non AC Seater 2+3,18:01,03h 53m,21:54,3.3,INR 372,52 Seats available
Delhi to Badaun,https://www.redbus.in/bus-tickets/delhi-to-badaun,UPSRTC - BDN0044,Ordinary Non AC Seater 2+3,19:00,06h 30m,01:30,3.3,INR 411,52 Seats available
Delhi to Badaun,https://www.redbus.in/bus-tickets/delhi-to-badaun,UPSRTC - BDN0046,Ordinary Non AC Seater 2+3,21:00,06h 30m,03:30,3.3,INR 411,52 Seats available
Delhi to Badaun,https://www.redbus.in/bus-tickets/delhi-to-badaun,UPSRTC - KSB0005,Shatabdi AC Seater 2+2,23:00,06h 00m,05:00,2.1,INR 505,20 Seats available
Delhi to Sitapur (Uttar Pradesh),https://www.redbus.in/bus-tickets/delhi-to-sitapur,RS YADAV SMART BUS,Bharat Benz A/C Seater /Sleeper (2+1),21:40,09h 10m,06:50,4.3,INR 1099,7 Seats available
Agra to Delhi,https://www.redbus.in/bus-tickets/agra-to-delhi,RSRTC - 194214,Express Non AC Seater 2+3,17:10,04h 20m,21:30,1.0,INR 333,42 Seats available
Agra to Delhi,https://www.redbus.in/bus-tickets/agra-to-delhi,NueGo,Electric A/C Seater (2+2),16:10,04h 30m,20:40,3.7,284,19 Seats available
Agra to Delhi,https://www.redbus.in/bus-tickets/agra-to-delhi,NueGo,Electric A/C Seater (2+2),16:30,04h 35m,21:05,4.0,284,29 Seats available
Agra to Delhi,https://www.redbus.in/bus-tickets/agra-to-delhi,FlixBus,AC Seater (2+2),17:00,05h 25m,22:25,3.6,INR 200,26 Seats available
Agra to Delhi,https://www.redbus.in/bus-tickets/agra-to-delhi,NueGo,Electric A/C Seater (2+2),17:00,04h 35m,21:35,4.0,284,13 Seats available
Agra to Delhi,https://www.redbus.in/bus-tickets/agra-to-delhi,Raj Kalpana Travels Pvt.ltd.,Bharat Benz A/C Seater /Sleeper (2+1),17:30,03h 30m,21:00,4.3,INR 289,24 Seats available
Agra to Delhi,https://www.redbus.in/bus-tickets/agra-to-delhi,PTC-SKYBUS,VE A/C Seater / Sleeper (2+1),17:40,03h 35m,21:15,3.5,INR 399,20 Seats available
Agra to Delhi,https://www.redbus.in/bus-tickets/agra-to-delhi,Gola Bus Service,VE A/C Seater / Sleeper (2+1),18:00,03h 00m,21:00,3.9,INR 399,30 Seats available
Agra to Delhi,https://www.redbus.in/bus-tickets/agra-to-delhi,Vijay Tour and Travels,Bharat Benz A/C Seater /Sleeper (2+1),22:30,04h 10m,02:40,3.5,539,32 Seats available
Agra to Delhi,https://www.redbus.in/bus-tickets/agra-to-delhi,NueGo,Electric A/C Seater (2+2),18:00,04h 45m,22:45,4.0,284,20 Seats available
Delhi to Lucknow,https://www.redbus.in/bus-tickets/delhi-to-lucknow,Gola Bus Service,VE A/C Seater / Sleeper (2+1),22:30,08h 00m,06:30,4.7,INR 699,8 Seats available
Delhi to Lucknow,https://www.redbus.in/bus-tickets/delhi-to-lucknow,PTC-SKYBUS,VE A/C Seater / Sleeper (2+1),23:45,08h 00m,07:45,4.7,INR 700,29 Seats available
Delhi to Lucknow,https://www.redbus.in/bus-tickets/delhi-to-lucknow,PTC-SKYBUS,VE A/C Seater / Sleeper (2+1),23:50,07h 40m,07:30,4.6,INR 699,34 Seats available
Delhi to Lucknow,https://www.redbus.in/bus-tickets/delhi-to-lucknow,AdInternational Tourist Centre,VE A/C Seater / Sleeper (2+1),22:40,08h 20m,07:00,4.3,INR 1399,42 Seats available
Delhi to Lucknow,https://www.redbus.in/bus-tickets/delhi-to-lucknow,Raj Kalpana Travels Pvt.ltd.,A/C Seater/Sleeper (2+1),23:15,08h 00m,07:15,4.5,INR 719,31 Seats available
Delhi to Lucknow,https://www.redbus.in/bus-tickets/delhi-to-lucknow,IntrCity SmartBus,Bharat Benz A/C Seater /Sleeper (2+1),23:55,08h 05m,08:00,4.6,INR 709,25 Seats available
Delhi to Lucknow,https://www.redbus.in/bus-tickets/delhi-to-lucknow,Laxmi holidays,Bharat Benz A/C Sleeper (2+1),22:30,09h 00m,07:30,4.5,855,24 Seats available
Delhi to Lucknow,https://www.redbus.in/bus-tickets/delhi-to-lucknow,IntrCity SmartBus,Bharat Benz A/C Seater /Sleeper (2+1),21:45,08h 00m,05:45,4.5,INR 659,21 Seats available
Delhi to Lucknow,https://www.redbus.in/bus-tickets/delhi-to-lucknow,IntrCity SmartBus,VE A/C Seater / Sleeper (2+1),21:30,08h 30m,06:00,4.6,INR 629,28 Seats available
Delhi to Lucknow,https://www.redbus.in/bus-tickets/delhi-to-lucknow,IntrCity SmartBus,Bharat Benz A/C Seater /Sleeper (2+1),22:00,08h 30m,06:30,4.6,INR 989,18 Seats available
Agra to Lucknow,https://www.redbus.in/bus-tickets/agra-to-lucknow,RSRTC - 192993,A/C Seater / Sleeper (2+1),23:30,04h 50m,04:20,3.7,INR 891,24 Seats available
Agra to Lucknow,https://www.redbus.in/bus-tickets/agra-to-lucknow,Raj Kalpana Travels Pvt.ltd.,VE A/C Seater (2+2),16:10,04h 20m,20:30,4.0,INR 399,9 Seats available
Agra to Lucknow,https://www.redbus.in/bus-tickets/agra-to-lucknow,Fouji travels,Bharat Benz A/C Seater / Sleeper (2+2),23:00,04h 30m,03:30,5.0,INR 899,16 Seats available
Agra to Lucknow,https://www.redbus.in/bus-tickets/agra-to-lucknow,Laxmi holidays,Bharat Benz A/C Seater /Sleeper (2+1),21:30,04h 20m,01:50,4.4,855,14 Seats available
Agra to Lucknow,https://www.redbus.in/bus-tickets/agra-to-lucknow,IntrCity SmartBus,Bharat Benz A/C Seater /Sleeper (2+1),23:55,04h 35m,04:30,5.0,INR 936,14 Seats available
Agra to Lucknow,https://www.redbus.in/bus-tickets/agra-to-lucknow,BSS COOL COOL TRAVELS,A/C Seater / Sleeper (2+1),22:00,04h 05m,02:05,4.7,INR 1099,14 Seats available
Agra to Lucknow,https://www.redbus.in/bus-tickets/agra-to-lucknow,Laxmi holidays,Bharat Benz A/C Seater /Sleeper (2+1),23:55,05h 05m,05:00,4.0,950,19 Seats available
Agra to Lucknow,https://www.redbus.in/bus-tickets/agra-to-lucknow,Jamna Travels (Delhi),A/C Seater / Sleeper (2+2),19:30,04h 00m,23:30,5.0,INR 2199,6 Seats available
Agra to Lucknow,https://www.redbus.in/bus-tickets/agra-to-lucknow,Shree Raj Akanshi travels,A/C Seater / Sleeper (2+1),20:20,05h 00m,01:20,3.8,INR 1099,18 Seats available
Agra to Lucknow,https://www.redbus.in/bus-tickets/agra-to-lucknow,RS YADAV SMART BUS,VE A/C Seater / Sleeper (2+1),23:20,03h 50m,03:10,5.0,INR 799,16 Seats available
Lucknow to Varanasi,https://www.redbus.in/bus-tickets/lucknow-to-varanasi,PTC-SKYBUS,A/C Seater/Sleeper (2+1),22:30,07h 00m,05:30,4.6,INR 499,16 Seats available
Lucknow to Varanasi,https://www.redbus.in/bus-tickets/lucknow-to-varanasi,Mahalaxmi Travels,Bharat Benz A/C Seater /Sleeper (2+1),23:15,06h 30m,05:45,3.4,INR 499,13 Seats available
Lucknow to Varanasi,https://www.redbus.in/bus-tickets/lucknow-to-varanasi,Goyal Travels,A/C Seater / Sleeper (2+1),23:49,06h 31m,06:20,1.8,INR 500,17 Seats available
Agra to Bareilly,https://www.redbus.in/bus-tickets/agra-to-bareilly,UPSRTC - BLY0049,Janrath AC Seater 2+3,17:00,05h 30m,22:30,1.6,INR 417,48 Seats available
Agra to Bareilly,https://www.redbus.in/bus-tickets/agra-to-bareilly,UPSRTC - BLY0134,Janrath AC Seater 2+2,23:05,05h 55m,05:00,3.9,INR 486,24 Seats available
